﻿<?xml version="1.0" encoding="utf-8"?>
<Session SID="3" BitFlags="2100">
  <SessionTimers ClientConnected="2013-04-14T15:36:48.2708461+01:00" ClientBeginRequest="2013-04-14T15:36:48.2718461+01:00" GotRequestHeaders="2013-04-14T15:36:48.2718461+01:00" ClientDoneRequest="2013-04-14T15:36:48.2738462+01:00" GatewayTime="0" DNSTime="38" TCPConnectTime="8" HTTPSHandshakeTime="40" ServerConnected="2013-04-14T15:36:48.3208489+01:00" FiddlerBeginRequest="2013-04-14T15:36:48.3208489+01:00" ServerGotRequest="2013-04-14T15:36:48.3208489+01:00" ServerBeginResponse="0001-01-01T00:00:00" GotResponseHeaders="0001-01-01T00:00:00" ServerDoneResponse="0001-01-01T00:00:00" ClientBeginResponse="2013-04-14T15:36:48.3208489+01:00" ClientDoneResponse="2013-04-14T15:36:48.3208489+01:00" />
  <PipeInfo Streamed="true" />
  <TunnelInfo BytesEgress="0" BytesIngress="0" />
  <SessionFlags>
    <SessionFlag N="https-client-snihostname" V="trade.loginandtrade.com" />
    <SessionFlag N="x-egressport" V="9262" />
    <SessionFlag N="x-responsebodytransferlength" V="0" />
    <SessionFlag N="x-clientport" V="9261" />
    <SessionFlag N="https-server-version" V="Tls" />
    <SessionFlag N="x-clientip" V="::ffff:127.0.0.1" />
    <SessionFlag N="https-client-sessionid" V="2D 19 00 00 FD AD 1C E7 B3 95 96 11 BD 3D 9B 1E 5A 41 E7 96 33 99 5D 8E B1 AE 0C FA 70 04 F7 DA" />
    <SessionFlag N="x-hostip" V="213.152.236.26" />
    <SessionFlag N="https-client-version" V="Tls11" />
    <SessionFlag N="x-processinfo" V="chrome:3712" />
    <SessionFlag N="https-server-cipher" V="Rc4 128bits" />
  </SessionFlags>
</Session>