﻿<?xml version="1.0" encoding="utf-8"?>
<Session SID="5" BitFlags="59">
  <SessionTimers ClientConnected="2013-04-14T15:36:48.2708461+01:00" ClientBeginRequest="2013-04-14T15:36:48.3638514+01:00" GotRequestHeaders="2013-04-14T15:36:48.3638514+01:00" ClientDoneRequest="2013-04-14T15:36:48.3638514+01:00" GatewayTime="0" DNSTime="0" TCPConnectTime="0" HTTPSHandshakeTime="0" ServerConnected="2013-04-14T15:36:48.3208489+01:00" FiddlerBeginRequest="2013-04-14T15:36:48.3638514+01:00" ServerGotRequest="2013-04-14T15:36:48.3638514+01:00" ServerBeginResponse="2013-04-14T15:36:48.3938531+01:00" GotResponseHeaders="2013-04-14T15:36:48.3938531+01:00" ServerDoneResponse="2013-04-14T15:36:48.741873+01:00" ClientBeginResponse="2013-04-14T15:36:48.3938531+01:00" ClientDoneResponse="2013-04-14T15:36:48.741873+01:00" />
  <PipeInfo Streamed="true" CltReuse="true" Reused="true" />
  <SessionFlags>
    <SessionFlag N="x-egressport" V="9262" />
    <SessionFlag N="x-responsebodytransferlength" V="1397996" />
    <SessionFlag N="x-clientport" V="9261" />
    <SessionFlag N="x-clientip" V="::ffff:127.0.0.1" />
    <SessionFlag N="x-serversocket" V="REUSE ServerPipe#3" />
    <SessionFlag N="x-hostip" V="213.152.236.26" />
    <SessionFlag N="x-processinfo" V="chrome:3712" />
  </SessionFlags>
</Session>