﻿<?xml version="1.0" encoding="utf-8"?>
<Session SID="21" BitFlags="2100">
  <SessionTimers ClientConnected="2013-04-14T15:36:54.1681834+01:00" ClientBeginRequest="2013-04-14T15:36:54.1691834+01:00" GotRequestHeaders="2013-04-14T15:36:54.1691834+01:00" ClientDoneRequest="2013-04-14T15:36:54.1691834+01:00" GatewayTime="0" DNSTime="0" TCPConnectTime="7" HTTPSHandshakeTime="43" ServerConnected="2013-04-14T15:36:54.1771839+01:00" FiddlerBeginRequest="2013-04-14T15:36:54.1771839+01:00" ServerGotRequest="2013-04-14T15:36:54.1771839+01:00" ServerBeginResponse="0001-01-01T00:00:00" GotResponseHeaders="0001-01-01T00:00:00" ServerDoneResponse="0001-01-01T00:00:00" ClientBeginResponse="2013-04-14T15:36:54.1771839+01:00" ClientDoneResponse="2013-04-14T15:36:54.1771839+01:00" />
  <PipeInfo Streamed="true" />
  <TunnelInfo BytesEgress="0" BytesIngress="0" />
  <SessionFlags>
    <SessionFlag N="https-client-snihostname" V="ciapi.cityindex.com" />
    <SessionFlag N="x-egressport" V="9278" />
    <SessionFlag N="x-responsebodytransferlength" V="0" />
    <SessionFlag N="x-clientport" V="9274" />
    <SessionFlag N="https-server-version" V="Tls" />
    <SessionFlag N="x-clientip" V="::ffff:127.0.0.1" />
    <SessionFlag N="https-client-sessionid" V="21 0A 00 00 4E 09 25 8E FB 17 07 33 67 A9 2B F2 71 11 29 98 4A 75 6F 60 A3 43 28 F6 20 9A 56 7A" />
    <SessionFlag N="x-hostip" V="213.152.236.182" />
    <SessionFlag N="https-client-version" V="Tls11" />
    <SessionFlag N="x-processinfo" V="chrome:3712" />
    <SessionFlag N="https-server-cipher" V="Aes128 128bits" />
  </SessionFlags>
</Session>