﻿<?xml version="1.0" encoding="utf-8"?>
<Session SID="33" BitFlags="2100">
  <SessionTimers ClientConnected="2013-04-14T15:36:54.3561941+01:00" ClientBeginRequest="2013-04-14T15:36:54.3561941+01:00" GotRequestHeaders="2013-04-14T15:36:54.3561941+01:00" ClientDoneRequest="2013-04-14T15:36:54.3561941+01:00" GatewayTime="0" DNSTime="0" TCPConnectTime="8" HTTPSHandshakeTime="110" ServerConnected="2013-04-14T15:36:54.3641946+01:00" FiddlerBeginRequest="2013-04-14T15:36:54.3641946+01:00" ServerGotRequest="2013-04-14T15:36:54.3641946+01:00" ServerBeginResponse="0001-01-01T00:00:00" GotResponseHeaders="0001-01-01T00:00:00" ServerDoneResponse="0001-01-01T00:00:00" ClientBeginResponse="2013-04-14T15:36:54.3651947+01:00" ClientDoneResponse="2013-04-14T15:36:54.3651947+01:00" />
  <PipeInfo Streamed="true" />
  <TunnelInfo BytesEgress="0" BytesIngress="0" />
  <SessionFlags>
    <SessionFlag N="https-client-snihostname" V="push.cityindex.com" />
    <SessionFlag N="x-egressport" V="9287" />
    <SessionFlag N="x-responsebodytransferlength" V="0" />
    <SessionFlag N="x-clientport" V="9285" />
    <SessionFlag N="https-server-version" V="Tls" />
    <SessionFlag N="x-clientip" V="::ffff:127.0.0.1" />
    <SessionFlag N="https-client-sessionid" V="2A 28 00 00 28 AD 8D 44 03 79 54 41 94 F7 7C 10 F6 DB 26 92 3C A2 2F D8 CA 0C FC 69 44 37 5C 96" />
    <SessionFlag N="x-hostip" V="213.152.236.50" />
    <SessionFlag N="https-client-version" V="Tls11" />
    <SessionFlag N="x-processinfo" V="chrome:3712" />
    <SessionFlag N="https-server-cipher" V="Aes128 128bits" />
  </SessionFlags>
</Session>