﻿<?xml version="1.0" encoding="utf-8"?>
<Session SID="43" BitFlags="59">
  <SessionTimers ClientConnected="2013-04-14T15:36:54.4031968+01:00" ClientBeginRequest="2013-04-14T15:36:54.6552112+01:00" GotRequestHeaders="2013-04-14T15:36:54.6552112+01:00" ClientDoneRequest="2013-04-14T15:36:54.6552112+01:00" GatewayTime="0" DNSTime="0" TCPConnectTime="0" HTTPSHandshakeTime="0" ServerConnected="2013-04-14T15:36:54.4421991+01:00" FiddlerBeginRequest="2013-04-14T15:36:54.6552112+01:00" ServerGotRequest="2013-04-14T15:36:54.6552112+01:00" ServerBeginResponse="2013-04-14T15:36:54.6702121+01:00" GotResponseHeaders="2013-04-14T15:36:54.6702121+01:00" ServerDoneResponse="2013-04-14T15:36:54.6702121+01:00" ClientBeginResponse="2013-04-14T15:36:54.6702121+01:00" ClientDoneResponse="2013-04-14T15:36:54.6702121+01:00" />
  <PipeInfo Streamed="true" CltReuse="true" Reused="true" />
  <SessionFlags>
    <SessionFlag N="x-egressport" V="9290" />
    <SessionFlag N="x-responsebodytransferlength" V="233" />
    <SessionFlag N="x-clientport" V="9289" />
    <SessionFlag N="x-clientip" V="::ffff:127.0.0.1" />
    <SessionFlag N="x-serversocket" V="REUSE ServerPipe#35" />
    <SessionFlag N="x-hostip" V="213.152.236.73" />
    <SessionFlag N="x-processinfo" V="chrome:3712" />
  </SessionFlags>
</Session>