﻿<?xml version="1.0" encoding="utf-8"?>
<Session SID="63" BitFlags="149" Aborted="true">
  <SessionTimers ClientConnected="2013-04-14T15:36:55.8482795+01:00" ClientBeginRequest="2013-04-14T15:36:56.2803042+01:00" GotRequestHeaders="2013-04-14T15:36:56.2803042+01:00" ClientDoneRequest="2013-04-14T15:36:56.2803042+01:00" GatewayTime="0" DNSTime="0" TCPConnectTime="0" HTTPSHandshakeTime="0" ServerConnected="2013-04-14T15:37:34.7645054+01:00" FiddlerBeginRequest="2013-04-14T15:36:56.2803042+01:00" ServerGotRequest="2013-04-14T15:36:56.2803042+01:00" ServerBeginResponse="2013-04-14T15:36:56.2903048+01:00" GotResponseHeaders="2013-04-14T15:36:56.2903048+01:00" ServerDoneResponse="2013-04-14T15:37:34.7645054+01:00" ClientBeginResponse="2013-04-14T15:37:34.8035076+01:00" ClientDoneResponse="2013-04-14T15:37:34.8035076+01:00" />
  <PipeInfo Streamed="true" CltReuse="true" />
  <SessionFlags>
    <SessionFlag N="x-aborted-when" V="Done" />
    <SessionFlag N="x-egressport" V="9298" />
    <SessionFlag N="x-clientport" V="9294" />
    <SessionFlag N="x-clientip" V="::ffff:127.0.0.1" />
    <SessionFlag N="x-serversocket" V="REUSE ServerPipe#58" />
    <SessionFlag N="x-hostip" V="213.152.236.73" />
    <SessionFlag N="x-dns-failover" V="+1" />
    <SessionFlag N="x-processinfo" V="chrome:3712" />
  </SessionFlags>
</Session>