﻿<?xml version="1.0" encoding="utf-8"?>
<Session SID="65" BitFlags="2100">
  <SessionTimers ClientConnected="2013-04-14T15:36:55.980287+01:00" ClientBeginRequest="2013-04-14T15:36:56.644325+01:00" GotRequestHeaders="2013-04-14T15:36:56.644325+01:00" ClientDoneRequest="2013-04-14T15:36:56.6453251+01:00" GatewayTime="0" DNSTime="0" TCPConnectTime="8" HTTPSHandshakeTime="302" ServerConnected="2013-04-14T15:36:56.6543256+01:00" FiddlerBeginRequest="2013-04-14T15:36:56.6543256+01:00" ServerGotRequest="2013-04-14T15:36:56.6543256+01:00" ServerBeginResponse="0001-01-01T00:00:00" GotResponseHeaders="0001-01-01T00:00:00" ServerDoneResponse="0001-01-01T00:00:00" ClientBeginResponse="2013-04-14T15:36:56.6543256+01:00" ClientDoneResponse="2013-04-14T15:36:56.6543256+01:00" />
  <PipeInfo Streamed="true" />
  <TunnelInfo BytesEgress="0" BytesIngress="0" />
  <SessionFlags>
    <SessionFlag N="https-client-snihostname" V="push1.cityindex.com" />
    <SessionFlag N="x-egressport" V="9300" />
    <SessionFlag N="x-responsebodytransferlength" V="0" />
    <SessionFlag N="x-clientport" V="9299" />
    <SessionFlag N="https-server-version" V="Tls" />
    <SessionFlag N="x-clientip" V="::ffff:127.0.0.1" />
    <SessionFlag N="https-client-sessionid" V="39 44 00 00 00 D8 B2 74 64 BB F6 C9 71 F6 9D F7 10 66 85 D4 CD D0 3D 32 8F 61 36 4B BB 6C 43 58" />
    <SessionFlag N="x-hostip" V="213.152.236.73" />
    <SessionFlag N="https-client-version" V="Tls11" />
    <SessionFlag N="x-processinfo" V="chrome:3712" />
    <SessionFlag N="https-server-cipher" V="Aes128 128bits" />
  </SessionFlags>
</Session>