﻿<?xml version="1.0" encoding="utf-8"?>
<Session SID="88" BitFlags="59">
  <SessionTimers ClientConnected="2013-04-14T15:36:54.1671833+01:00" ClientBeginRequest="2013-04-14T15:36:59.790505+01:00" GotRequestHeaders="2013-04-14T15:36:59.790505+01:00" ClientDoneRequest="2013-04-14T15:36:59.791505+01:00" GatewayTime="0" DNSTime="0" TCPConnectTime="0" HTTPSHandshakeTime="0" ServerConnected="2013-04-14T15:36:54.1771839+01:00" FiddlerBeginRequest="2013-04-14T15:36:59.791505+01:00" ServerGotRequest="2013-04-14T15:36:59.791505+01:00" ServerBeginResponse="2013-04-14T15:36:59.8295072+01:00" GotResponseHeaders="2013-04-14T15:36:59.8305072+01:00" ServerDoneResponse="2013-04-14T15:36:59.8305072+01:00" ClientBeginResponse="2013-04-14T15:36:59.8305072+01:00" ClientDoneResponse="2013-04-14T15:36:59.8305072+01:00" />
  <PipeInfo Streamed="true" CltReuse="true" Reused="true" />
  <SessionFlags>
    <SessionFlag N="x-egressport" V="9279" />
    <SessionFlag N="x-responsebodytransferlength" V="7386" />
    <SessionFlag N="x-clientport" V="9273" />
    <SessionFlag N="x-clientip" V="::ffff:127.0.0.1" />
    <SessionFlag N="x-serversocket" V="REUSE ServerPipe#22" />
    <SessionFlag N="x-hostip" V="213.152.236.182" />
    <SessionFlag N="x-processinfo" V="chrome:3712" />
  </SessionFlags>
</Session>